{
  "total_filas": 149,
  "total_columnas": 5,
  "columnas": [
    "5.1",
    "3.5",
    "1.4",
    "0.2",
    "Iris-setosa"
  ],
  "tipos_datos": {
    "5.1": "float64",
    "3.5": "float64",
    "1.4": "float64",
    "0.2": "float64",
    "Iris-setosa": "object"
  },
  "estadisticas": {
    "5.1": {
      "count": 149.0,
      "mean": 5.8483221476510066,
      "std": 0.8285940572656173,
      "min": 4.3,
      "25%": 5.1,
      "50%": 5.8,
      "75%": 6.4,
      "max": 7.9
    },
    "3.5": {
      "count": 149.0,
      "mean": 3.051006711409396,
      "std": 0.4334988777167476,
      "min": 2.0,
      "25%": 2.8,
      "50%": 3.0,
      "75%": 3.3,
      "max": 4.4
    },
    "1.4": {
      "count": 149.0,
      "mean": 3.774496644295302,
      "std": 1.7596511617753423,
      "min": 1.0,
      "25%": 1.6,
      "50%": 4.4,
      "75%": 5.1,
      "max": 6.9
    },
    "0.2": {
      "count": 149.0,
      "mean": 1.2053691275167786,
      "std": 0.7612920413899603,
      "min": 0.1,
      "25%": 0.3,
      "50%": 1.3,
      "75%": 1.8,
      "max": 2.5
    }
  },
  "valores_faltantes": {
    "5.1": 0,
    "3.5": 0,
    "1.4": 0,
    "0.2": 0,
    "Iris-setosa": 0
  }
}